Year,Minimum,5th Percentile,Median,95th Percentile,Maximum,Area Mean
14500BP,14.3150893555,14.4904180298,16.9556496582,18.5399503784,18.6959008789,16.7221315752
14480BP,13.3421035156,13.443930603,15.7133497314,17.2228602905,17.3048120117,15.5210061764
14460BP,14.3141982422,14.494699646,16.7854439697,18.0728239136,18.2370996094,16.5019065543
14440BP,14.0315993652,14.1592000732,16.3035535889,17.5941035767,17.689901123,16.0766692733
14420BP,15.1879897461,15.378243042,17.4530469971,18.4943019409,18.5851037598,17.1816568054
14400BP,15.0768874512,15.2385900269,17.5487440186,18.9158565063,19.0229089355,17.3024752022
14380BP,14.5441848145,14.7337133179,17.2323525391,18.6195722656,18.7829980469,16.9211086461
14360BP,14.3188063965,14.4995290527,16.7297524414,17.9492765503,18.1004052734,16.4467207694
14340BP,14.9469008789,15.1575750122,17.6941018066,19.1461271362,19.3081994629,17.3997544812
14320BP,15.2844008789,15.4465993652,17.6056466064,18.8613493042,18.9870019531,17.3620541237
14300BP,14.931690918,15.0934697876,17.3366529541,18.655024292,18.7602990723,17.0959893553
14280BP,15.202595459,15.3705220947,17.8659493408,19.3777784424,19.5121057129,17.6041486641
14260BP,14.4802993164,14.6328496704,16.8587446289,18.2084819336,18.3199060059,16.6288621915
14240BP,14.3355056152,14.4787572632,16.9797407227,18.6006755371,18.727401123,16.7497878816
14220BP,14.9975966797,15.1673497925,17.5633461914,18.9309019165,19.0690026855,17.2814141926
14200BP,15.1534926758,15.3307912598,17.7323525391,19.1636228638,19.319197998,17.4666204494
14180BP,14.4638015137,14.6394506226,16.958902832,18.2623273926,18.402199707,16.6799774146
14160BP,13.6571975098,13.843074585,16.3082502441,17.6551692505,17.7993920898,15.9994977062
14140BP,13.3923964844,13.552171875,16.0090981445,17.6184553223,17.7822045898,15.7794380194
14120BP,13.2133010254,13.3725774536,15.6657021484,17.2940214233,17.4856958008,15.4832087569
14100BP,13.4248000488,13.6330983887,16.2013497314,17.8792234497,18.0681970215,15.9647574803
14080BP,12.4148085938,12.6039327393,14.7947518311,16.3517286377,16.5725061035,14.6176769597
14060BP,12.9519973145,13.1090749512,15.3354989014,16.9171033936,17.1187036133,15.1537496293
14040BP,13.5073989258,13.6845983276,16.0287484131,17.6100477295,17.7900964355,15.8241164826
14020BP,12.4306960449,12.5620229492,14.6972908936,16.1443754272,16.2834008789,14.5142047804
14000BP,12.2708999023,12.4400762329,14.6527016602,16.3381452637,16.5460961914,14.5135958397
13980BP,12.2843032227,12.4563512573,14.6970437012,16.2894743042,16.4501977539,14.5346207571
13960BP,12.3348952637,12.5372991333,15.224894043,17.1519239502,17.352401123,15.0314148913
13940BP,12.3396987305,12.4967229614,14.7036049805,16.3798292236,16.5685021973,14.5663034322
13920BP,12.8154006348,12.9602758179,15.0087990723,16.4084013062,16.5693017578,14.8318046282
13900BP,13.0687941895,13.2325948486,15.3956002197,17.0746229248,17.2738977051,15.2710582932
13880BP,13.1391005859,13.303947998,15.6720498047,17.3124723511,17.501796875,15.4729821134
13860BP,12.8385024414,12.9677755127,14.96525354,16.1835737305,16.3681970215,14.7269491492
13840BP,13.2437026367,13.43250177,16.025498291,18.0254957275,18.3463952637,15.8376964247
13820BP,12.5747939453,12.7162175903,15.0393013916,16.5779523926,16.7904016113,14.8029050965
13800BP,12.9985976563,13.1484731445,15.1990944824,16.4716978149,16.656295166,14.9690485465
13780BP,12.7413894043,12.8667928467,15.1646981201,16.7750028687,16.9995019531,14.9518600918
13760BP,12.4648024902,12.5548269043,14.360545166,15.5142665405,15.6269921875,14.1749900118
13740BP,13.086390625,13.2267919312,15.4338967285,16.7472471313,16.939296875,15.1631137181
13720BP,13.5945998535,13.789949585,15.8887001953,16.9228239136,17.0967004395,15.5778468441
13700BP,12.5597976074,12.6833226929,14.7022596436,15.8912745972,16.0370996094,14.4600166009
13680BP,13.1675979004,13.3678487549,15.596201416,16.8120740967,16.9969995117,15.3045308634
13660BP,13.720197998,13.9252980957,16.1267495117,17.2539075928,17.4397058105,15.8136297758
13640BP,12.4664992676,12.5994481812,14.7086464844,15.948953064,16.1048059082,14.4543470929
13620BP,12.9887954102,13.1611242065,15.4910500488,16.9703504639,17.1873010254,15.2386272154
13600BP,13.0555007324,13.2299993286,15.5040505371,16.886427124,17.0942041016,15.2395303993
13580BP,13.0498977051,13.2351964722,15.4884041748,16.7200071411,16.8932092285,15.1942924647
13560BP,12.9534987793,13.0965734253,15.4233498535,16.8801740723,17.0602990723,15.1701043067
13540BP,12.6297988281,12.7932470093,14.9439980469,16.1623731689,16.3428979492,14.6686060266
13520BP,13.199104248,13.3912786255,15.6690438232,17.0190275269,17.2292993164,15.3964471815
13500BP,12.8833999023,13.0224492798,15.4848977051,17.1665235596,17.3663964844,15.2588218478
13480BP,13.5426955566,13.7586477051,16.2230507812,17.7296217041,17.9666955566,15.942570507
13460BP,12.8229995117,12.9746740112,15.1003945312,16.3305982666,16.5006982422,14.8366588526
13440BP,13.4421950684,13.6380727539,16.090152832,17.4863981323,17.6548974609,15.7954527463
13420BP,12.9917067871,13.1567556152,15.4382973633,17.0317792969,17.2365075684,15.2437535832
13400BP,13.9364089355,14.140982605,16.4115975342,17.4400755005,17.5901025391,16.0555035856
13380BP,12.5203078613,12.6311574707,14.8182478027,16.146670105,16.2715905762,14.5751167814
13360BP,13.2971999512,13.4568517456,15.6531014404,16.8196928101,16.9483911133,15.3636022555
13340BP,13.2797011719,13.4359517822,15.8249489746,17.3445264893,17.5326989746,15.5740066139
13320BP,13.6328994141,13.7892980347,15.9408455811,17.1768735962,17.359395752,15.6690004291
13300BP,13.2930007324,13.4408513794,15.4997963867,16.6658018188,16.8359033203,15.2352845641
13280BP,13.4601882324,13.5925649414,15.9276009521,17.4241987305,17.6006982422,15.6842230583
13260BP,13.8509047852,14.0407277832,16.2006513672,17.226055481,17.3879052734,15.8702661062
13240BP,13.2162062988,13.3588536987,15.4412484131,16.5333051758,16.6774072266,15.1508355117
13220BP,13.6820021973,13.882678772,16.2269936523,17.6368528442,17.8408044434,15.9587970032
13200BP,13.69459375,13.8938482056,16.2500039062,17.6232038574,17.8153039551,15.9692192909
13180BP,13.5038039551,13.6517797241,15.9038491211,17.2393217163,17.4167993164,15.6335457117
13160BP,12.6966994629,12.853822876,15.1100472412,16.4832746582,16.659798584,14.8552781958
13140BP,13.20240625,13.3846791992,15.67725,16.9163480835,17.1047998047,15.3668095086
13120BP,13.8464919434,13.9968465576,16.4151497803,17.8964292603,18.0894067383,16.1383407763
13100BP,13.4850905762,13.7194417725,15.9829018555,17.0566938477,17.2239953613,15.6476375532
13080BP,15.2807021484,15.6307775269,17.8644539795,18.7110471802,18.889095459,17.4882446435
13060BP,14.3253005371,14.6152486572,16.7541512451,17.7663145142,17.9412866211,16.4498675644
13040BP,14.8638930664,15.1523427734,17.3641518555,18.3937788086,18.5660058594,17.0431112959
13020BP,13.7408034668,14.0303258667,16.2294472656,17.2885053711,17.4279077148,15.9359854508
13000BP,13.6723037109,13.946401001,16.1960030518,17.235671814,17.3991967773,15.8661456271
12980BP,14.311994873,14.653772522,17.0301491699,18.296444519,18.4936914062,16.7459347535
12960BP,13.8306044922,14.1286504517,16.2938027344,17.4371992187,17.6438989258,16.0171199126
12940BP,14.1708876953,14.4430440674,16.6709053955,17.846432312,18.0224084473,16.3905452263
12920BP,13.7204970703,14.0197255859,16.18634729,17.1854459839,17.3591943359,15.870972636
12900BP,13.0120009766,13.3076238403,15.1052529297,16.0335004883,16.1975,14.8835007662
12880BP,12.298902832,12.6551259766,14.443543335,15.8336958008,16.0558984375,14.3799180091
12860BP,11.7998000488,12.1608510742,14.1787423096,15.8232954102,16.0581933594,14.1277305579
12840BP,11.4373916016,11.808069397,13.6155523682,15.1011306152,15.3730065918,13.5637965301
12820BP,11.8060927734,12.2028447876,14.1716469727,16.04471875,16.3349938965,14.2057635137
12800BP,12.2280043945,12.6501043091,14.6614449463,16.2736234741,16.5785974121,14.5928765177
12780BP,11.7349013672,12.1003011475,13.844901123,15.1553771362,15.3909020996,13.7646088379
12760BP,11.3472060547,11.7381307373,13.5668496094,15.09524823,15.3779992676,13.5267019197
12740BP,12.1332961426,12.5420476685,14.5721474609,16.2747816162,16.5419091797,14.5391044562
12720BP,11.3675124512,11.7749606934,13.6816019287,15.2323516235,15.4900048828,13.6355040026
12700BP,11.5750930176,11.9506185303,13.7746987305,15.4266050415,15.7168054199,13.7718179584
12680BP,11.8258010254,12.2150762329,14.2006966553,15.8184232788,16.0811975098,14.148120412
12660BP,11.8311049805,12.214430603,14.3477884521,16.0187529907,16.2685021973,14.2599770601
12640BP,11.6763991699,12.0302724609,13.8414986572,15.4782713013,15.7238977051,13.847531274
12620BP,11.1457961426,11.5472997437,13.5848061523,15.2989729004,15.597298584,13.5394786347
12600BP,11.3969985352,11.7657262573,13.4679482422,14.7332716064,14.9549951172,13.3922489617
12580BP,11.635609375,12.0480809937,14.0003029785,15.8069776611,16.0820031738,14.0264359322
12560BP,12.0690932617,12.4684192505,14.4560953369,15.9316970215,16.1921960449,14.3544796056
12540BP,11.4969008789,11.8474506226,13.5829019775,14.9981002197,15.2227990723,13.5378090585
12520BP,10.8518996582,11.2537984619,13.1956520996,14.8932706909,15.1541955566,13.1897420315
12500BP,11.5950026855,12.0183278809,14.0287026367,15.7210493164,16.0167993164,13.9913293491
12480BP,11.1110976563,11.4023000488,12.9301522217,13.9698209839,14.1495935059,12.8248406602
12460BP,11.9481032715,12.3381519165,14.1679516602,15.5827756958,15.8242028809,14.1014697328
12440BP,11.628401123,12.0176503906,13.8770943604,15.5644254761,15.8376000977,13.8847988429
12420BP,12.3058059082,12.726604248,14.7241402588,16.5412489014,16.8136987305,14.7438749395
12400BP,10.9236037598,11.2580281982,12.8008583984,14.1999189453,14.4199914551,12.8127245403
12380BP,11.1601027832,11.5536016235,13.4128457031,15.132848938,15.3762963867,13.4448105724
12360BP,11.9124038086,12.3289022217,14.3204476318,16.1027937012,16.4169946289,14.3121553253
12340BP,11.5283034668,11.8822772827,13.765696167,15.1909636841,15.4475854492,13.6661158663
12320BP,11.1182021484,11.4891515503,13.3328469238,15.0054716187,15.271895752,13.3386136014
12300BP,11.6698989258,12.0483007202,14.0200905762,15.7135740356,15.959798584,14.0019923515
12280BP,11.986592041,12.373894104,14.4135996094,15.9664534912,16.2498010254,14.3087564896
12260BP,10.7929030762,11.1867542114,12.9623059082,14.6884458618,14.9572961426,13.0131330981
12240BP,11.6789992676,12.0744983521,14.1341959229,15.7966689453,16.0912927246,14.059096505
12220BP,11.1350966797,11.4951236572,13.2111002197,14.6146697388,14.8652978516,13.1640909382
12200BP,11.4096083984,11.8105306396,13.7729500732,15.5012037354,15.7864038086,13.7616720798
12180BP,11.3769912109,11.7958669434,13.8628548584,15.7227994995,16.0058007812,13.8706973718
12160BP,11.0524978027,11.566145874,13.9412545166,16.4127241211,16.7785974121,14.0594845412
12140BP,11.1299025879,11.5396016846,13.6208016357,15.5797575073,15.8979089355,13.6423895754
12120BP,11.0380874023,11.4193181763,13.3743508301,15.153223999,15.4373986816,13.3778421903
12100BP,10.997706543,11.4170307007,13.3488995361,15.1641050415,15.4751062012,13.3728675097
12080BP,12.6445083008,13.0289798584,15.271756958,16.9973952637,17.2739953613,15.1580027189
12060BP,12.3229995117,12.7785482178,14.8876503906,16.7295820312,17.0110070801,14.8858883423
12040BP,11.6682998047,12.098050293,14.2375500488,16.0269743042,16.3485986328,14.1834708001
12020BP,11.6841079102,12.0970813599,14.0475961914,15.6313048706,15.9159082031,13.9920583071
12000BP,11.8223891602,12.2132161865,14.191791626,15.990975769,16.2993005371,14.1881893009
11980BP,12.8226027832,13.1728748169,14.8794567871,16.2140043335,16.4454064941,14.8156611223
11960BP,12.0169936523,12.3563710938,13.9924508057,15.3647977905,15.5963952637,13.9632557631
11940BP,12.6219985352,13.0142263184,14.994550415,16.8446989136,17.1339990234,15.0168298925
11920BP,12.0586013184,12.4383016357,14.3152993164,15.9657285767,16.2499047852,14.2983157916
11900BP,11.6592055664,12.0176549683,13.7275002441,15.2882246094,15.5618005371,13.7299679116
11880BP,11.8973952637,12.2603460083,14.1007454834,15.7739683228,16.0210900879,14.1124252518
11860BP,12.1321975098,12.5288259277,14.5287056885,16.2895200806,16.5604943848,14.5207295633
11840BP,11.8833083496,12.2115056763,14.0404000244,15.6212049561,15.8678063965,14.0144650811
11820BP,11.7977980957,12.09762323,13.6977486572,15.0335279541,15.2601037598,13.6578031394
11800BP,12.2141982422,12.5423223267,14.2384438477,15.6745557861,15.9043054199,14.2100857375
11780BP,12.103401123,12.4661748657,14.2449471436,15.9900724487,16.2647973633,14.2913178904
11760BP,12.1368056641,12.429427124,13.9836495361,15.0776594238,15.2690148926,13.8853240822
11740BP,12.5669875488,12.8758184204,14.5061928711,15.7892255859,15.9656030273,14.4600687211
11720BP,12.0798964844,12.4071447144,14.0806008301,15.3728513794,15.5787011719,14.017866638
11700BP,12.4279067383,12.7588277588,14.3118050537,15.5801725464,15.7965966797,14.2750186649
11680BP,11.7479995117,12.0386235962,13.5626473389,14.8090986328,15.0259973145,13.5167877757
11660BP,12.4202102051,12.7392095337,14.3426552734,15.756147583,16.0020959473,14.3262789208
11640BP,11.9901015625,12.3016011963,13.7126501465,14.8593703613,15.0481958008,13.6822969939
11620BP,11.9577956543,12.2301213989,13.7845986328,14.9205442505,15.1096948242,13.6955594365
11600BP,12.5371962891,12.9101720581,14.7131051025,16.3558988647,16.6113000488,14.7254697021
11580BP,12.3728041992,12.7032018433,14.3295540771,15.574242981,15.7814904785,14.2651680573
11560BP,12.1839064941,12.4633535156,13.8257027588,14.9056989746,15.1136010742,13.7726682614
11540BP,12.919001709,13.2288762817,14.8304482422,16.0003751831,16.2178979492,14.7380361897
11520BP,12.6746047363,12.9805013428,14.6520974121,15.933201416,16.1201013184,14.5875027963
11500BP,12.5250136719,12.7989125977,14.2168099365,15.1726453857,15.326595459,14.1214626702
11480BP,12.5129042969,12.7861043701,14.3926552734,15.4787778931,15.6289025879,14.2849184078
11460BP,12.6486953125,12.9333181152,14.6511483154,15.9649534302,16.1671044922,14.5712937708
11440BP,12.6279006348,12.9161733398,14.5136483154,15.7129484253,15.9291955566,14.427307874
11420BP,11.7790053711,12.0555028687,13.5970040283,14.7843961792,14.968795166,13.5327029798
11400BP,12.5302016602,12.8371495972,14.5064064941,15.6422254639,15.8386010742,14.387246718
11380BP,12.82740625,13.0942785034,14.7525979004,15.8073011475,15.9253991699,14.6277012117
11360BP,13.2669020996,13.6210515747,15.3909005127,16.6952741699,16.9293969727,15.2980179117
11340BP,13.1505080566,13.4278569946,14.9453041992,15.932446106,16.0950952148,14.8275134013
11320BP,12.7750014648,13.1171758423,14.90509729,16.3513532715,16.5612084961,14.8619752948
11300BP,13.1167067871,13.4138311157,14.9624001465,16.0838728027,16.2860986328,14.8720488651
11280BP,13.3078994141,13.5886251221,15.07725,16.1438551025,16.2972070312,15.000596549
11260BP,13.3419020996,13.5986760864,14.8686468506,15.75762323,15.9131982422,14.7905016317
11240BP,13.7427077637,13.9912587891,15.549704834,16.6570036011,16.8026025391,15.4593551504
11220BP,14.9678969727,15.2290471802,16.4103521729,17.29512323,17.4188012695,16.3706609233
11200BP,13.8502944336,14.1306691895,15.5555489502,16.6721983032,16.8416955566,15.5103197473
11180BP,14.3061904297,14.5893178711,16.1028481445,17.317173584,17.5170983887,16.0528232807
11160BP,13.3660048828,13.6360540161,14.9390478516,15.7507689819,15.8657922363,14.8413850042
11140BP,13.515699707,13.7458242188,15.1490944824,16.0081251221,16.1162011719,15.0297422216
11120BP,13.4891982422,13.7207235107,15.0534493408,15.7901228027,15.9129968262,14.9082440686
11100BP,14.5034987793,14.7569753418,16.052048584,16.9846021729,17.1327050781,15.983782782
11080BP,13.311604248,13.5869802246,14.9618508301,15.9795042114,16.1518029785,14.8953679261
11060BP,13.436994873,13.6728200684,15.1028481445,15.960822876,16.0723962402,14.9748478159
11040BP,14.1057021484,14.3272496948,15.6955544434,16.3850507812,16.4714013672,15.5338238598
11020BP,13.9156936035,14.1568685303,15.5372994385,16.4760511475,16.6094995117,15.4465363995
11000BP,13.4672988281,13.7172994385,15.065744873,15.861553772,16.006105957,14.933115127
10980BP,13.4257033691,13.6725042114,15.0630013428,15.923977478,16.0667016602,14.940063867
10960BP,13.9930007324,14.2337774048,15.7664467773,16.7274015503,16.9073022461,15.6170292895
10940BP,14.2213027344,14.4771016846,15.9645424805,16.9959806519,17.1808068848,15.85694824
10920BP,14.1020949707,14.36012323,15.8268441162,16.7853223877,16.9592980957,15.704861187
10900BP,14.0310073242,14.3497564087,15.9962044678,17.2635725098,17.4387963867,15.9418572948
10880BP,13.886994873,14.1764196167,15.6389990234,16.6430510864,16.8253015137,15.539436587
10860BP,13.8916091309,14.1586568604,15.357199707,16.3183547363,16.4360070801,15.3411901181
10840BP,13.9816970215,14.2392736206,15.6001503906,16.4657026367,16.6034020996,15.4933185208
10820BP,14.6464064941,14.8926061401,16.2479500732,17.1010053711,17.2753076172,16.1212902438
10800BP,14.3706069336,14.6670797119,16.1527047119,17.3458265381,17.5071008301,16.1226150402
10780BP,14.3431960449,14.6350713501,16.1456459961,17.2109815674,17.3906091309,16.0543870536
10760BP,14.8650039063,15.157149292,16.501847168,17.4939313965,17.6459069824,16.4479079626
10740BP,13.5677016602,13.8604787598,15.2863503418,16.2863050537,16.4664086914,15.1994493715
10720BP,14.8832961426,15.1144246826,16.3702462158,17.2622938232,17.3977929687,16.2988017039
10700BP,14.4301162109,14.6881870117,15.8711984863,16.7441237793,16.8577966309,15.8287010564
10680BP,13.9289992676,14.1900228271,15.7377999268,16.9111524658,17.0745019531,15.6707657945
10660BP,13.990296875,14.3214971313,15.8433510742,17.075350769,17.2740014648,15.810834652
10640BP,14.7691054688,15.0539295044,16.3740061035,17.2609481201,17.3826989746,16.2980072781
10620BP,13.6619033203,13.8858526001,15.0704506836,15.8735776978,16.0124047852,14.9877506287
10600BP,13.4950942383,13.7334188232,15.0347512207,15.8371931152,15.9831933594,14.9161524496
10580BP,14.3977126465,14.6600591431,15.9917519531,17.0512022095,17.2111047363,15.9544988001
10560BP,15.2832045898,15.5791539917,16.9461464844,18.1372785645,18.3076013184,16.9490103843
10540BP,13.7076003418,13.9597997437,15.2781502686,16.2303251343,16.3753991699,15.2105569916
10520BP,14.2490981445,14.500697876,15.7921486816,16.7999250488,16.9662988281,15.7437388072
10500BP,14.3188918457,14.5716176758,15.827854248,16.6117200928,16.7542993164,15.721902947
10480BP,14.1736037598,14.4206258545,15.7547493896,16.7475263672,16.9093041992,15.6886986828
10460BP,13.9135024414,14.1657750854,15.5969002686,16.6609769897,16.8256005859,15.5255003276
10440BP,14.9347976074,15.1743230591,16.5216500244,17.3974195557,17.5401940918,16.41518191
10420BP,14.6192092285,14.8703557739,16.358399292,17.3413984375,17.4864953613,16.2477483911
10400BP,14.3120986328,14.5689489136,15.821302124,16.7061231689,16.8452966309,15.7542638073
10380BP,14.101802002,14.3721547852,15.7569466553,16.7581464844,16.9020959473,15.691181163
10360BP,14.2000075684,14.4508565674,15.9343514404,17.0778287964,17.2576074219,15.868301112
10340BP,14.0949050293,14.351328064,15.712796875,16.5528989868,16.7055993652,15.5907605869
10320BP,14.7224990234,14.9278234253,16.1987496338,16.9211530762,17.0257043457,16.0682177282
10300BP,14.1552932129,14.4281453857,15.8888527832,16.9638288574,17.1043054199,15.8263738905
10280BP,14.3089003906,14.5443517456,15.8914437256,16.7589262085,16.9021020508,15.7807100722
10260BP,13.7826003418,14.0274007568,15.4069985352,16.3495023804,16.4935021973,15.3147627523
10240BP,14.1294997559,14.3719503174,15.6629952393,16.5055753784,16.6568994141,15.5602411273
10220BP,14.0336013184,14.2882009277,15.7062966309,16.5414030151,16.7033044434,15.5603957431
10200BP,15.0928908691,15.3211675415,16.4933480225,17.3915525513,17.5320031738,16.4474393884
10180BP,16.1030898438,16.2205142822,16.9701517334,17.4955275879,17.5530053711,16.9214225197
10160BP,16.4075942383,16.6284198608,17.7216931152,18.8224470215,18.9834985352,17.7598821273
10140BP,16.9369094238,17.1292545166,18.0689953613,18.9235181885,19.0506921387,18.075009094
10120BP,16.4666091309,16.6145587769,17.4001962891,17.9518447266,18.0430932617,17.3495590674
10100BP,16.2587966309,16.4167972412,17.5091013184,18.3516738281,18.5036950684,17.4390247303
10080BP,15.772706543,15.9506047974,16.9621437988,17.8537214355,17.9677941895,16.9603391347
10060BP,16.1861098633,16.3612583008,17.3534985352,18.1256803589,18.2636071777,17.3037934554
10040BP,16.4290969238,16.5258960571,17.303498291,17.9492049561,17.9897058105,17.283054371
10020BP,16.4877944336,16.6274967041,17.4956522217,18.151447998,18.2455957031,17.4484253642
10000BP,16.1072890625,16.2605670776,17.2293499756,17.9711561279,18.1030053711,17.1712977091
9980BP,16.8670058594,16.9740054932,17.9200021973,18.6338775024,18.7067041016,17.8606064164
9960BP,16.1499953613,16.2935733643,17.362394165,18.1677977905,18.3085961914,17.285831946
9940BP,16.269190918,16.3900211182,17.377302002,18.1306533203,18.2224023437,17.3168998458
9920BP,17.0937026367,17.2333011475,17.9040476074,18.4464278564,18.4878015137,17.9001666442
9900BP,16.4029006348,16.5394000854,17.385050415,18.0118010864,18.0726037598,17.3442205354
9880BP,16.5330092773,16.725432373,17.566401001,18.3391080933,18.4449121094,17.5847744852
9860BP,15.9772963867,16.128770813,16.9961954346,17.6491820679,17.7570092773,16.9483233582
9840BP,15.8282058105,15.9710544434,16.6787912598,17.2373000488,17.3075036621,16.6608227822
9820BP,15.4720046387,15.6490285645,16.5136513672,17.2695005493,17.3740014648,16.5144163563
9800BP,15.8158950195,16.0112218628,16.8920510254,17.6796964722,17.7928979492,16.90100226
9780BP,16.949494873,17.0828967896,17.8638468018,18.4520705566,18.5297937012,17.825561276
9760BP,16.1298049316,16.3023778687,17.168454834,17.8874921875,18.0033898926,17.1503963618
9740BP,16.4400039063,16.5650791016,17.3162030029,17.8463239746,17.9417993164,17.2602202164
9720BP,16.8169997559,16.9109256592,17.805552124,18.4733550415,18.5379052734,17.7458339621
9700BP,16.5362990723,16.5955737915,17.5228037109,18.0601210937,18.0849938965,17.4074968839
9680BP,15.9851821289,16.09778479,16.8458444824,17.3483519897,17.4153039551,16.7857817722
9660BP,16.4318007813,16.491975769,17.4437509766,18.1484725342,18.2082971191,17.3662515991
9640BP,16.056098877,16.1659473267,17.0488962402,17.74877771,17.8406030273,17.0010883086
9620BP,15.4318984375,15.6405019531,16.6099984131,17.7772733765,17.9047998047,16.7212371194
9600BP,16.1073989258,16.2269473877,16.971052002,17.4800765381,17.525802002,16.923349427
9580BP,16.3888076172,16.537956604,17.3658487549,17.9498061523,18.0431054687,17.3119007379
9560BP,16.4063918457,16.4803424683,17.1636575928,17.5912047729,17.6043054199,17.1020089607
9540BP,15.790296875,15.9620715942,16.9103009033,17.6466535645,17.7746057129,16.8651511827
9520BP,15.6667922363,15.8315953979,16.6266976318,17.2172010498,17.3157006836,16.5902396208
9500BP,15.9124038086,16.076326355,17.1467020264,17.9170562134,18.0464074707,17.0691656401
9480BP,16.9764968262,17.1272723999,17.8943981934,18.440043457,18.5313928223,17.8490095066
9460BP,16.206111084,16.3727071533,17.3087563477,18.0350309448,18.1308068848,17.276651044
9440BP,15.7133925781,15.8607442627,16.6199468994,17.1422713623,17.2242944336,16.5716220421
9420BP,16.0419020996,16.1918994751,17.0056436768,17.6302260742,17.6988000488,16.9774760517
9400BP,17.0515029297,17.2148031006,17.9574957275,18.5381270752,18.6208032227,17.9388526423
9380BP,16.6433120117,16.8166585693,17.6447518311,18.3410963135,18.4306970215,17.6403543516
9360BP,16.6161025391,16.7856784668,17.7392038574,18.357244812,18.4647912598,17.6577251309
9340BP,15.852595459,16.0004474487,16.7722452393,17.4392623291,17.5503137207,16.7586748478
9320BP,17.1487929688,17.2375949707,18.0770975342,18.7057769165,18.7656030273,18.0219430817
9300BP,16.5673049316,16.6555789795,17.5125009766,18.0414794312,18.088302002,17.4219617851
9280BP,16.1907973633,16.3037723389,17.1930551758,17.8255782471,17.888503418,17.1307149266
9260BP,15.5077895508,15.6817661133,16.5368967285,17.1574828491,17.2491052246,16.4956711273
9240BP,16.3724990234,16.4942493286,17.2041971436,17.8266295776,17.8577050781,17.2104684363
9220BP,16.4889968262,16.6594457397,17.5064522705,18.3843244629,18.4711999512,17.5601268591
9200BP,15.7467910156,15.8936435547,16.9982006836,17.815598877,17.9618005371,16.9137141708
9180BP,18.17740625,18.3006793823,19.2786081543,19.9074019775,20.0164025879,19.1753918982
9160BP,16.5589858398,16.6490390625,17.1916025391,17.6381484375,17.6623986816,17.1855909886
9140BP,17.5379104004,17.6639577637,18.2719519043,18.7605269775,18.8390039062,18.2552966164
9120BP,16.4104934082,16.5634954224,17.372852417,18.0241453247,18.123092041,17.349932513
9100BP,16.7427993164,16.8723743286,17.5903973389,18.1298475342,18.2126000977,17.554653302
9080BP,16.1893874512,16.3305669556,17.124793335,17.6996046143,17.8000085449,17.0763514268
9060BP,16.1747023926,16.3429767456,17.1575482178,17.8166257935,17.9143029785,17.1395010917
9040BP,16.815498291,16.9911487427,17.8953045654,18.7406278687,18.8552026367,17.908405923
9020BP,15.6922072754,15.7774310913,16.5238474121,17.0824736938,17.1376977539,16.4763716294
9000BP,15.4669997559,15.5752506104,16.38934729,17.0148986206,17.1084985352,16.3385745182
8980BP,15.9414931641,16.0353702393,16.9591531982,17.7112029419,17.7859033203,16.9145335893
8960BP,16.8215895996,16.906593689,17.692649292,18.2803237305,18.3616967773,17.6338783234
8940BP,16.8265883789,16.9597675171,17.7089517822,18.3363005981,18.435402832,17.6877787633
8920BP,16.8632033691,16.9311282959,17.6422525635,18.2261947021,18.2542932129,17.6167600234
8900BP,16.3860976563,16.5731479492,17.4061993408,18.2329465942,18.3296960449,17.4468036088
8880BP,16.9583022461,17.1454028931,18.0633526611,18.9696485596,19.0881982422,18.0955841828
8860BP,16.1476943359,16.2587451782,17.1103009033,17.649104126,17.7374047852,17.0213125103
8840BP,16.3242019043,16.3455005493,17.3458963623,18.0144973145,18.0207971191,17.2420754091
8820BP,18.0557998047,18.0919269409,18.9056986084,19.4731806641,19.4787094727,18.8352309575
8800BP,15.6324050293,15.6574298706,16.4902445068,17.1124984131,17.1238000488,16.4263286774
8780BP,15.849104248,15.940578064,16.5975992432,17.0045287476,17.0515039062,16.5340276553
8760BP,16.5831984863,16.7561498413,17.6170510254,18.3890211182,18.5173974609,17.6143057974
8740BP,16.602998291,16.6660983887,17.4115946045,18.0052214966,18.0335961914,17.3761081003
8720BP,15.3946975098,15.4934223022,16.1481485596,16.7179778442,16.7711022949,16.1403819751
8700BP,15.7712905273,15.862616333,16.5395578613,17.138571106,17.1832971191,16.5339952192
8680BP,16.1357070313,16.2399539795,16.96825354,17.449822937,17.5011987305,16.9094256188
8660BP,16.7612990723,16.8827503052,17.5511975098,18.1158262329,18.1961022949,17.5386193959
8640BP,15.4195998535,15.5667484131,16.4971051025,17.2430265503,17.3719018555,16.4521224765
8620BP,15.1643081055,15.3314563599,16.2285565186,17.0112501221,17.1360009766,16.2158817503
8600BP,16.2182021484,16.3176776733,17.2013010254,17.7722243652,17.8701013184,17.1047144268
8580BP,15.9836928711,16.0489658203,16.7185495605,17.2814711914,17.289095459,16.7051269096
8560BP,16.2701064453,16.4096057739,17.1979471436,17.7510497437,17.8381005859,17.1448975847
8540BP,15.4964980469,15.5988498535,16.3212930908,16.9313399658,17.0095849609,16.2984289945
8520BP,16.0513015137,16.1491489258,17.0880014648,17.7663527832,17.8755029297,17.0051578655
8500BP,15.0945998535,15.2226506958,16.0159951172,16.6658033447,16.7382043457,16.0004878695
8480BP,15.5103041992,15.6767278442,16.4430001221,17.1579740601,17.2547998047,16.4601515125
8460BP,16.0779921875,16.1677432861,16.8915018311,17.4864241943,17.5542993164,16.8616294116
8440BP,16.3474990234,16.5219014893,17.3281990967,18.1649961548,18.264296875,17.3770482975
8420BP,16.3169020996,16.357600769,17.0934000244,17.5607283936,17.6081079102,17.005078752
8400BP,16.8346938477,16.9429981079,17.5592478027,18.0405761108,18.0881005859,17.5400381015
8380BP,15.9271987305,16.0072254028,16.8578500977,17.4587508545,17.5130029297,16.7882957569
8360BP,16.0302016602,16.1849523315,16.9857064209,17.6913984375,17.8139001465,16.9760804861
8340BP,17.0078017578,17.1643758545,17.9403511963,18.7157545166,18.8363061523,17.9640073143
8320BP,16.3170913086,16.4008670654,17.351053833,17.9802733765,18.1008996582,17.2394414126
8300BP,17.1897963867,17.2580951538,17.9111520996,18.3513549194,18.4074060059,17.8487102187
8280BP,15.7803054199,15.907652832,16.5640539551,17.1407973633,17.2394006348,16.555374395
8260BP,16.1367019043,16.1580020752,16.8846506348,17.3542098389,17.3663842773,16.8036241346
8240BP,16.1222854004,16.2273898926,17.0167062988,17.646824585,17.7131982422,16.982672932
8220BP,15.6969008789,15.8391286621,16.5437020264,17.1301969604,17.231496582,16.5272323271
8200BP,15.9014968262,15.9985233154,16.7915994873,17.4281234131,17.5117944336,16.7505254516
8180BP,16.2589064941,16.3136813965,17.0290445557,17.5608291016,17.5869042969,16.9806360806
8160BP,16.2976943359,16.3672473755,17.105451416,17.6900313721,17.7257104492,17.069561557
8140BP,15.3835952148,15.4859958496,16.237848877,16.8178557739,16.8930078125,16.1961328783
8120BP,15.906703125,16.0198261108,16.7714975586,17.3171538696,17.4117028809,16.7165368526
8100BP,16.0885024414,16.2708272705,17.1176522217,18.1575819092,18.2662072754,17.2225324089
8080BP,16.4451003418,16.5691015015,17.2329995117,17.8457716064,17.9330957031,17.2384531982
8060BP,15.9160964355,16.0410724487,16.8234082031,17.4586439209,17.5633935547,16.7900271578
8040BP,15.5173049316,15.634630188,16.3726022949,16.954119812,16.9976953125,16.3507230523
8020BP,15.6587966309,15.7892963257,16.6293009033,17.3258712158,17.4338952637,16.5976507476
8000BP,15.511390625,15.6168414917,16.5788494873,17.298524292,17.4305993652,16.4983134225
7980BP,17.0180983887,17.0494006958,17.9105966797,18.473953186,18.5211022949,17.8096091565
7960BP,15.9758925781,15.9962711182,16.8095987549,17.3541259155,17.3855004883,16.7187205604
7940BP,17.2008071289,17.3127826538,18.1143442383,18.7168044434,18.8209069824,18.0587246127
7920BP,17.0459975586,17.2171209106,17.9887459717,18.9114790039,18.993404541,18.0829233724
7900BP,16.6952956543,16.8330219116,17.4519024658,18.0935804443,18.1757043457,17.4875689019
7880BP,17.4263076172,17.4992542114,18.2642956543,18.7932554321,18.8873071289,18.1851976743
7860BP,16.8469924316,16.8991687622,17.6686960449,18.2751952515,18.2885949707,17.6297420834
7840BP,17.9098098145,18.0391330566,18.7532480469,19.3139037476,19.4110009766,18.72100786
7820BP,17.1746962891,17.3158727417,18.0831917725,18.7540037231,18.8425073242,18.0808118446
7800BP,16.6574050293,16.7750049438,17.5007946777,18.1168241577,18.2202966309,17.4774541289
7780BP,17.2470961914,17.4104970703,18.1404580078,19.0357191162,19.1178918457,18.2362156027
7760BP,17.0774978027,17.1462497559,17.9841989746,18.5655532227,18.6110070801,17.9104408609
7740BP,17.8019057617,17.9204547729,18.7102518311,19.2395491943,19.3258996582,18.6416700847
7720BP,16.9607009277,17.1048007813,17.8149945068,18.5306577759,18.6148095703,17.847300613
7700BP,17.1735976563,17.2858478394,18.0505960693,18.5839522705,18.6493066406,17.995637058
7680BP,17.7704970703,17.9167974243,18.6163033447,19.1550748901,19.2375024414,18.5932290313
7660BP,17.8667922363,17.9612705078,18.6012979736,19.0555541382,19.0894067383,18.5643933036
7640BP,17.0513930664,17.1909976807,17.9992990723,18.6369048462,18.7351098633,17.9648237567
7620BP,17.3624953613,17.4256732788,18.3485544434,18.979850708,19.0378015137,18.2579529777
7600BP,17.2115065918,17.3232044067,18.0161508789,18.5461745605,18.6318994141,17.9777814298
7580BP,18.1459060059,18.2476550903,18.7586466064,19.1386565552,19.1703088379,18.7432009335
7560BP,18.1211928711,18.1944690552,18.7399912109,19.1071807251,19.13890625,18.6983783182
7540BP,17.1831069336,17.3088550415,18.1414499512,18.7986998901,18.9042016602,18.0981229403
7520BP,16.7427993164,16.8732473145,17.5266976318,18.1337003784,18.210201416,17.5389783279
7500BP,17.0259902344,17.1387424316,17.8224039307,18.4272811279,18.5166040039,17.8114651578
7480BP,17.3058059082,17.4304296265,18.1536446533,18.7022962646,18.8044946289,18.1124776154
7460BP,16.3365126953,16.4234332886,17.1967539062,17.8282821045,17.8988061523,17.1609039215
7440BP,17.0547072754,17.1778310547,17.8277993164,18.402720459,18.5007958984,17.8199936508
7420BP,17.6840957031,17.7716220703,18.5844431152,19.1935454712,19.2677941895,18.5269817885
7400BP,16.8542006836,16.9661992798,17.5515969238,18.0485258179,18.127199707,17.5413359263
7380BP,16.4598037109,16.5933521118,17.2846051025,17.8727293091,17.9681054687,17.2716279844
7360BP,16.7881911621,16.9258670654,17.5913553467,18.1159728394,18.2045983887,17.5686096639
7340BP,17.3209975586,17.4265476074,18.2360025635,18.8183242187,18.9207971191,18.1689624646
7320BP,16.7201003418,16.854074646,17.5905493164,18.2172484741,18.3264978027,17.5715723905
7300BP,17.4485,17.5804265747,18.2911538086,18.9529035645,19.0484033203,18.2982250582
7280BP,16.7879042969,16.907578064,17.5705513916,18.2227033691,18.313503418,17.5873544388
7260BP,17.5746047363,17.6922046509,18.5889050293,19.2710233765,19.3546960449,18.5382044042
7240BP,16.3554030762,16.4730274048,17.2028421631,17.7720916138,17.8765893555,17.1616659316
7220BP,17.6308974609,17.7924978027,18.591300293,19.4184980469,19.5310998535,18.6304034204
7200BP,16.8236953125,16.9683461914,17.72384729,18.3929761963,18.518001709,17.7115881924
7180BP,16.5595961914,16.6739459839,17.384748291,17.8801558838,17.9589074707,17.331896346
7160BP,17.0926101074,17.2313070068,17.8980050049,18.5173795776,18.5959069824,17.9119817295
7140BP,16.5088942871,16.6390203247,17.281546875,17.9410200195,18.0215966797,17.3139434258
7120BP,16.5762038574,16.7158529053,17.4586037598,18.205744751,18.2904931641,17.4910251883
7100BP,17.6121962891,17.6880727539,18.1495980225,18.5214979248,18.5582971191,18.1402615445
7080BP,16.4622023926,16.5611774292,17.1995981445,17.7625777588,17.8426049805,17.1874152382
7060BP,17.1703933105,17.2721425781,17.9429024658,18.4691053467,18.5363061523,17.9176773613
7040BP,17.4340957031,17.5886953125,18.402451416,19.2325498657,19.343404541,18.436216729
7020BP,17.1812941895,17.2904210815,17.896402832,18.3625898437,18.4444909668,17.8666780819
7000BP,17.3180983887,17.3854724731,18.1337015381,18.6995742187,18.742598877,18.0850489828
6980BP,16.6129042969,16.7667791138,17.5527932129,18.3208509521,18.4251000977,17.5759213249
6960BP,17.1329970703,17.2665469971,18.0246530762,18.6075988159,18.709798584,17.9850695456
6940BP,16.2596999512,16.3888997803,17.0598946533,17.6268796997,17.709005127,17.0506988897
6920BP,16.7935012207,16.9530751953,17.741098877,18.5159971313,18.6275964355,17.7647058784
6900BP,15.8078994141,15.8880498657,16.4590493164,16.7574293213,16.8120080566,16.3840673924
6880BP,17.5203017578,17.6288028564,18.362848877,18.959348999,19.0371972656,18.3340161065
6860BP,17.0209060059,17.1568547974,17.7996987305,18.445272644,18.5429956055,17.8228317899
6840BP,16.8168959961,16.9454961548,17.6066506348,18.2533933716,18.3503930664,17.6216695629
6820BP,17.1553969727,17.2824743042,17.8618996582,18.4780057983,18.5458093262,17.9033850857
6800BP,16.1380019531,16.2583515015,16.8986065674,17.3678846436,17.4499108887,16.8615579167
6780BP,17.1781081543,17.2978549805,18.186600708,18.8206969604,18.9155969238,18.1181137765
6760BP,16.3289077148,16.4772557983,17.3121010742,18.1955076294,18.2860070801,17.3634782778
6740BP,16.7500991211,16.8782750854,17.6275460205,18.2454008179,18.3508996582,17.6023397915
6720BP,17.5651015625,17.6845020142,18.4076580811,19.0541013794,19.1662988281,18.3933139466
6700BP,17.5975966797,17.6974492798,18.4240487061,19.0409238892,19.102199707,18.4142123739
6680BP,17.9606032715,18.0706546631,18.7206522217,19.2374297485,19.3113122559,18.6949170333
6660BP,17.4413039551,17.542078186,18.2389534912,18.6938535767,18.7751062012,18.174615136
6640BP,18.1780959473,18.2870458374,18.8691445313,19.3522977905,19.4311975098,18.8542255112
6620BP,17.452796875,17.5620471802,18.2628519287,18.8876448975,18.9697961426,18.2536815346
6600BP,17.0099990234,17.1168218384,17.7513039551,18.1880521851,18.2775048828,17.6993429771
6580BP,16.8789077148,16.9965047607,17.6855507812,18.1606733398,18.2418969727,17.6353250945
6560BP,16.906098877,17.042947937,17.7471929932,18.4120192871,18.5082910156,17.7562553258
6540BP,17.5004042969,17.5935033569,18.1650976562,18.5726546631,18.6355065918,18.1273990087
6520BP,17.3630019531,17.465350708,18.1547495117,18.770046936,18.8516992187,18.1438613488
6500BP,16.3925063477,16.5259816895,17.2188546143,17.8649198608,17.9669946289,17.2237662807
6480BP,16.9687026367,17.0597005615,17.6926522217,18.0666486816,18.1359033203,17.6224941266
6460BP,16.7237990723,16.8151998291,17.3305489502,17.652682312,17.7128076172,17.2829944339
6440BP,18.1739943848,18.2662954102,18.862595459,19.1965513306,19.2736047363,18.7880413496
6420BP,17.2923964844,17.3980687866,17.9194036865,18.3511184082,18.3957910156,17.9156291425
6400BP,16.7131911621,16.8070668945,17.2605505371,17.7139907227,17.7659875488,17.2797885735
6380BP,17.7560012207,17.8785024414,18.5450966797,19.1991529541,19.3158044434,18.5520909123
6360BP,16.0253005371,16.1317998657,16.7476967773,17.2084928589,17.2848901367,16.714598791
6340BP,16.8363051758,16.9666812744,17.7111981201,18.3320539551,18.4372033691,17.6872514184
6320BP,17.4380019531,17.564078125,18.2190469971,18.8106536255,18.8999047852,18.2180046844
6300BP,16.965296875,17.0729970703,17.7174996338,18.3704969482,18.4566003418,17.7391308612
6280BP,17.0755996094,17.1541507568,17.5836008301,17.8909804687,17.9351037598,17.5586570632
6260BP,16.4675979004,16.5923236694,17.2548504639,17.8352766113,17.9308984375,17.245567812
6240BP,16.76490625,16.8873021851,17.5145516357,18.0905698853,18.1737939453,17.5194929725
6220BP,16.2317946777,16.3572225342,17.0991433105,17.9132307129,17.9780053711,17.1590618095
6200BP,15.6932998047,15.8262502441,16.5304482422,17.1156766968,17.205501709,16.5149100362
6180BP,16.8307937012,16.9825216064,17.709104248,18.3300413208,18.414888916,17.70618983
6160BP,16.6399978027,16.7596225586,17.479947876,18.0560454712,18.1494958496,17.4484367759
6140BP,16.0136000977,16.1393497314,16.8533520508,17.4013700562,17.4834924316,16.8207567821
6120BP,16.810597168,16.9293966064,17.6248970947,18.2956068115,18.3708093262,17.6433979907
6100BP,16.4781020508,16.5906268921,17.1479501953,17.6054488525,17.6777001953,17.1346703052
6080BP,17.0480056152,17.193376709,18.020395752,18.743395813,18.8424951172,18.0141350678
6060BP,16.5086013184,16.5921758423,17.0006048584,17.3606505737,17.3940026855,17.0056882771
6040BP,17.0018996582,17.1367254028,17.926657959,18.4938261108,18.5800012207,17.879883305
6020BP,17.2047988281,17.3323217163,18.0008431396,18.5118543701,18.5988061523,17.9704867671
6000BP,17.7498977051,17.8814229736,18.5728005371,19.2268476562,19.3195947266,18.5839572896
5980BP,16.9921889648,17.107237793,17.7774971924,18.2795164185,18.3792871094,17.7354236094
5960BP,17.7128005371,17.8145498047,18.2666967773,18.7350997314,18.7610986328,18.301959664
5940BP,16.927796875,16.9595510254,17.437800415,17.6550288696,17.6829064941,17.3604992585
5920BP,17.5069960938,17.6224233398,18.2665963135,18.8467054443,18.9407067871,18.2618055241
5900BP,17.6630996094,17.7822271118,18.496894165,19.056425293,19.1610009766,18.4598672124
5880BP,17.8911086426,17.9798816528,18.4857034912,18.8862700806,18.9284936523,18.4708076989
5860BP,18.0632033691,18.1508807983,18.6754465332,19.1593276367,19.1940026855,18.6839633914
5840BP,17.5948928223,17.714369751,18.4676003418,19.0100782471,19.1003015137,18.4184924322
5820BP,17.3857009277,17.4921985474,18.164954834,18.7224454956,18.8130944824,18.1395774578
5800BP,16.540095459,16.6277196655,17.3708504639,17.8350477295,17.9215966797,17.2897747126
5780BP,16.7622023926,16.887100769,17.6661477051,18.3581983643,18.4528955078,17.6600069217
5760BP,18.069404541,18.1396777954,18.9309488525,19.532875,19.5839990234,18.8788001931
5740BP,17.7791030273,17.9170766602,18.608600708,19.2155698853,19.3023950195,18.6073430794
5720BP,16.1716933594,16.2867955933,16.972751709,17.4889020996,17.5601037598,16.9415923647
5700BP,17.0198012695,17.1535238037,17.8454018555,18.3746397095,18.4581872559,17.8173865961
5680BP,17.4039016113,17.5144031372,18.1556040039,18.7230788574,18.7901025391,18.1518593103
5660BP,17.3475966797,17.4796483765,18.310352417,19.0378416138,19.1265893555,18.3047656271
5640BP,17.6630019531,17.7799764404,18.4833962402,19.0879987793,19.1855981445,18.4680841668
5620BP,16.1745986328,16.2857991943,16.9767006836,17.5111036377,17.5863061523,16.9473033485
5600BP,17.4883925781,17.5969211426,18.2410013428,18.8187758789,18.9003015137,18.2346844328
5580BP,16.7081008301,16.8159002075,17.5688485107,18.2241239624,18.2802941895,17.5685696595
5560BP,17.048701416,17.1346013794,17.7321480713,18.2279966431,18.289095459,17.7169227149
5540BP,16.5601943359,16.6962987671,17.4796975098,18.0421522217,18.1521020508,17.4247985183
5520BP,17.3957961426,17.516447998,18.2117956543,18.7498214111,18.8597924805,18.1719875748
5500BP,16.8001113281,16.9001088867,17.5551949463,18.0311430054,18.1304956055,17.5049755406
5480BP,17.4429030762,17.5885534058,18.375800415,19.1740522461,19.2888024902,18.4026253615
5460BP,17.0948928223,17.2174718628,17.921793457,18.5036710815,18.6023950195,17.8991119396
5440BP,16.2811049805,16.404604126,17.1510537109,17.7632963257,17.8614953613,17.1261277542
5420BP,16.203401123,16.3343250122,16.9533520508,17.5990247803,17.6790002441,16.9886647445
5400BP,18.1924941406,18.3315967407,19.1541455078,19.8604017334,19.9782006836,19.1323771315
5380BP,16.6256911621,16.7518956909,17.4928505859,18.0352033691,18.127401123,17.4482476398
5360BP,17.2193068848,17.3320285645,18.0931497803,18.6579451904,18.7549951172,18.0407979435
5340BP,17.4146071777,17.5192571411,18.1721993408,18.6271940308,18.7129907227,18.1213549221
5320BP,16.5829909668,16.7148671875,17.522953125,18.2747419434,18.3410913086,17.5414003067
5300BP,17.0809951172,17.1898456421,17.9979471436,18.6050963745,18.7092919922,17.9405058815
5280BP,16.6721022949,16.7495519409,17.3662484131,17.8175245361,17.8870996094,17.3243337367
5260BP,16.7201003418,16.8613515625,17.6023049316,18.2457441406,18.3420922852,17.5956241535
5240BP,16.7689040527,16.8749273071,17.4614022217,17.9531797485,18.0178063965,17.4528007874
5220BP,16.886994873,17.0207723389,17.7583931885,18.3731687622,18.4684899902,17.7405831988
5200BP,17.2141982422,17.3652469482,18.1436960449,18.8486220703,18.9729943848,18.1380033291
5180BP,16.497895752,16.617946228,17.4771982422,18.1165770874,18.213503418,17.4195322491
5160BP,16.1203017578,16.2412999878,16.9491005859,17.4350721436,17.521895752,16.8958350879
5140BP,17.3565993652,17.4638005981,18.0215462646,18.5625715332,18.6330957031,18.0370362244
5120BP,16.2661025391,16.3626760254,17.0742531738,17.5924207764,17.685994873,17.021431019
5100BP,16.0078994141,16.1298238525,16.7736031494,17.3346571045,17.4093103027,16.7715139966
5080BP,17.3413039551,17.4670291748,18.0978983154,18.6740249023,18.7579003906,18.100832145
5060BP,15.5423049316,15.6660787354,16.3426430664,16.8932020264,16.9789025879,16.3228301337
5040BP,16.5487990723,16.6767736206,17.3194954834,17.8872739868,17.9665002441,17.319917789
5020BP,15.895197998,16.016925415,16.6448496094,17.2037108765,17.267611084,16.647822103
5000BP,16.7107009277,16.8534993896,17.5919503174,18.2509504395,18.3453027344,17.5919164175
4980BP,16.5408095703,16.6713567505,17.3714516602,17.9506055908,18.0529077148,17.3496516859
4960BP,17.3738967285,17.4903463135,18.1202032471,18.6249038086,18.7085046387,18.0972044775
4940BP,15.9329909668,16.031845459,16.5657510986,17.0692443237,17.1066918945,16.5809273553
4920BP,17.2003920898,17.2969442139,17.9415993652,18.3779707031,18.4563989258,17.8876538524
4900BP,16.5508010254,16.641927124,17.2445992432,17.6893079834,17.7655114746,17.2059685261
4880BP,16.6018996582,16.7063726196,17.396390625,17.8840040283,17.9464074707,17.3541689729
4860BP,16.0799941406,16.1974187622,16.8957497559,17.4687254028,17.5813012695,16.8650130273
4840BP,16.6899978027,16.7828984985,17.3542550049,17.7831495361,17.839699707,17.3282709447
4820BP,17.0693984375,17.183875061,17.758951416,18.2367263184,18.3075036621,17.747958754
4800BP,16.6680983887,16.7815236816,17.5683022461,18.1918989258,18.300802002,17.5275421244
4780BP,16.7052993164,16.8275258789,17.5845955811,18.2387785034,18.3600061035,17.561654862
4760BP,16.6497023926,16.7622289429,17.4101479492,17.9009244995,17.9787011719,17.3785335807
4740BP,17.2015944824,17.3155462036,18.0288521729,18.6371229248,18.7202966309,18.0160897668
4720BP,16.8956923828,17.0074941406,17.6248571777,18.0968261108,18.1784020996,17.5941023565
4700BP,16.7123061523,16.8606542358,17.6845009766,18.2893980103,18.4020959473,17.6339148803
4680BP,16.6687941895,16.7862203369,17.5383522949,18.0855268555,18.177199707,17.4899644136
4660BP,16.6915969238,16.7769475708,17.5083077393,17.9074338989,17.9791101074,17.4131505238
4640BP,16.6709914551,16.7983419189,17.4544960937,18.0273817139,18.129708252,17.4436526266
4620BP,18.6094008789,18.7194751587,19.4940531006,20.0803954468,20.1776940918,19.4432134046
4600BP,17.8041030273,17.9027776489,18.4542028809,18.7350066528,18.7955102539,18.3832699292
4580BP,16.0469008789,16.1479741821,16.7807076416,17.2593442993,17.3479943848,16.742322559
4560BP,17.066090332,17.1783681641,17.9173500977,18.421230896,18.5176049805,17.8543032738
4540BP,16.7227004395,16.8628255615,17.5803505859,18.2289075928,18.3405114746,17.5766548707
4520BP,17.6045058594,17.7257299194,18.3707006836,18.8699263916,18.9466027832,18.3446985894
4500BP,17.1836867676,17.2741657104,17.9655985107,18.6190978394,18.6628930664,17.9734273619
4480BP,16.5929091797,16.7288579712,17.4333474121,18.0517744141,18.1621972656,17.4229140448
4460BP,16.6472976074,16.7778753052,17.4963509521,18.2453565674,18.3195092773,17.5392349021
4440BP,17.0703078613,17.1787069092,17.7449562988,18.0899549561,18.1470056152,17.6958670212
4420BP,16.9830947266,17.1020971069,17.7874001465,18.4056043701,18.4975061035,17.7849717199
4400BP,17.3972060547,17.5256810913,18.1512490234,18.6403013306,18.7205041504,18.1300146923
4380BP,16.5125014648,16.6345510254,17.3304512939,17.9406049805,18.0291040039,17.3237212403
4360BP,16.7823012695,16.8630269775,17.381104126,17.6692992554,17.7092004395,17.3239892476
4340BP,16.4362075195,16.5409307251,17.3098549805,17.8587492065,17.9324975586,17.2601839413
4320BP,15.3398024902,15.4514255371,16.0452493896,16.5989730225,16.6898950195,16.046053738
4300BP,15.9237075195,16.048428894,16.8156533203,17.5229810791,17.6104089355,16.8216668032
4280BP,16.428791748,16.5381185303,17.0909981689,17.5930784302,17.6560021973,17.0980909539
4260BP,16.0823989258,16.1867023315,16.7671030273,17.2791503296,17.3183007812,16.7710231918
4240BP,15.4480910645,15.5981191406,16.2835946045,17.0234754639,17.118001709,16.331249899
4220BP,16.4221083984,16.5151830444,17.2189553223,17.736302002,17.818203125,17.172037006
4200BP,16.3006972656,16.4339498291,17.2661965332,17.9332502441,18.0493005371,17.2287934328
4180BP,16.7331008301,16.8649755249,17.6209511719,18.2091001587,18.3123010254,17.5845909883
4160BP,15.9975112305,16.1207814941,16.7613442383,17.3883741455,17.4777978516,16.7779117083
4140BP,16.9167006836,17.0437017212,17.7382576904,18.3336439209,18.4240930176,17.7277327237
4120BP,16.4329055176,16.5189794312,17.1268499756,17.5367980347,17.6149987793,17.0712431148
4100BP,16.4083937988,16.5379949341,17.2074044189,17.810281189,17.9206079102,17.2005095634
4080BP,15.6973037109,15.8512029419,16.5956063232,17.2567426758,17.3616906738,16.5946779977
4060BP,17.2627028809,17.3733007202,18.0360512695,18.6512281494,18.735402832,18.0403266994
4040BP,15.9534072266,16.0390050659,16.6884041748,17.1294996338,17.2128015137,16.6294803755
4020BP,16.9311049805,17.0284505615,17.5021490479,17.9669509277,18.0281030273,17.516941118
4000BP,16.789302002,16.9141271362,17.6747078857,18.4181226807,18.5092004395,17.6942789315
3980BP,15.4289016113,15.5620519409,16.2872506104,16.8960813599,17.0100061035,16.2643047899
3960BP,17.2600966797,17.3513738403,17.9692055664,18.4677167969,18.5324914551,17.9493085741
3940BP,17.8445021973,17.9501254883,18.6162027588,19.237020813,19.3195947266,18.6154554379
3920BP,16.5008010254,16.5878240356,17.2245031738,17.5609572754,17.6316064453,17.1377746575
3900BP,16.5076918945,16.5776448975,17.1694405518,17.5023283081,17.5695031738,17.0933847465
3880BP,17.7323989258,17.8210241089,18.4728463135,18.8841169434,18.9641931152,18.405033107
3860BP,16.1635939941,16.2822192993,16.9437021484,17.5185592041,17.6114099121,16.9307303374
3840BP,15.9629958496,16.111697937,16.8787056885,17.5452467041,17.6563989258,16.8684983634
3820BP,16.7900039063,16.9033757935,17.5447060547,18.0108244019,18.0974023437,17.5038349107
3800BP,16.0485061035,16.1652532349,16.9906960449,17.6910947876,17.7772973633,16.9746968394
3780BP,15.7210036621,15.8061528931,16.4868050537,16.9050993042,16.9542993164,16.4231668509
3760BP,15.7636000977,15.8422994385,16.4260964355,16.8742719727,16.9580957031,16.3879590326
3740BP,16.6520949707,16.7900701294,17.5152504883,18.152354248,18.2609033203,17.5055771358
3720BP,15.7833083496,15.8730046997,16.5676064453,16.9603742676,17.0378991699,16.4808233958
3700BP,17.1397902832,17.2024938354,17.7718054199,18.0556517944,18.1277001953,17.680964424
3680BP,16.6603041992,16.7394246826,17.4056496582,17.7917249756,17.8857995605,17.3163975818
3660BP,16.3675002441,16.465251709,17.2701485596,17.9116193848,17.9976953125,17.2342972643
3640BP,15.6195021973,15.7329534302,16.5425026855,17.1774076538,17.2794091797,16.501584452
3620BP,16.6716018066,16.7912252197,17.4490517578,17.9819471436,18.0754968262,17.4247133391
3600BP,17.5054030762,17.6312017212,18.3517525635,18.9735014038,19.0882043457,18.3323087264
3580BP,15.7462111816,15.8690084229,16.5829016113,17.1783736572,17.272097168,16.5620076778
3560BP,16.5564040527,16.653130127,17.4281014404,17.9444471436,18.0463952637,17.3517214347
3540BP,15.9456923828,16.0314946899,16.7102456055,17.1608289795,17.2314050293,16.6505062525
3520BP,15.6562026367,15.7313039551,16.3708046875,16.7863233643,16.8608972168,16.306826195
3500BP,16.1197036133,16.2164785156,16.7956032715,17.2129423218,17.2942895508,16.7544099352
3480BP,17.4099929199,17.5164449463,18.2056984863,18.7779050903,18.8508081055,18.1894368695
3460BP,16.5497023926,16.680826355,17.3360510254,17.9156325684,17.9943078613,17.3360995918
3440BP,16.9471999512,17.0614003906,17.7032049561,18.1784285889,18.2687036133,17.6637380331
3420BP,17.0616896973,17.1642185059,17.8683023682,18.4907531128,18.5754052734,17.8538633755
3400BP,15.6717971191,15.7823247681,16.5585579834,17.2000791626,17.293605957,16.5326439213
3380BP,15.757697998,15.8609746704,16.5704995117,17.0949720459,17.1748986816,16.52825988
3360BP,16.0184951172,16.1590215454,16.8404030762,17.4700056152,17.5573083496,16.8512770476
3340BP,16.0414016113,16.1682271729,16.9079049072,17.6398481445,17.71859375,16.935361238
3320BP,17.1496962891,17.2483724365,17.8016427002,18.2533536987,18.3065026855,17.7920475186
3300BP,16.5694899902,16.6916921387,17.3675942383,17.9917478638,18.064095459,17.3787189649
3280BP,15.7504958496,15.8395726929,16.4639504395,16.9376676636,16.9956872559,16.4351347418
3260BP,16.6298171387,16.7433873901,17.3546456299,17.7810529785,17.8517053223,17.3152636356
3240BP,17.0677932129,17.1899951782,17.819553833,18.404673584,18.4954980469,17.8236336781
3220BP,17.106098877,17.1875722656,17.8031075439,18.1822462158,18.2429956055,17.7412470749
3200BP,16.3864943848,16.4931188354,17.1220986328,17.636868103,17.7295922852,17.0976413506
3180BP,16.1768996582,16.272774292,16.9873482666,17.5234556274,17.5793054199,16.9548247949
3160BP,16.7948012695,16.9128255615,17.7003487549,18.3200544434,18.3881005859,17.6753618183
3140BP,16.3780959473,16.4892980347,17.2558999023,17.7694242554,17.8530969238,17.1926495008
3120BP,17.8625014648,17.9611760864,18.5516976318,19.0438779907,19.0893029785,18.5476901508
3100BP,16.8842971191,16.9715734253,17.6165505371,18.1010252075,18.1670007324,17.5814738772
3080BP,16.6845961914,16.7913213501,17.4391488037,17.9326231079,18.0113977051,17.4068999275
3060BP,17.1886000977,17.2867498169,17.8264504395,18.21684552,18.2772973633,17.7963199209
3040BP,17.2804030762,17.3795263062,17.9269051514,18.3304945068,18.3969934082,17.8974360477
3020BP,16.7531936035,16.8965673218,17.59549646,18.2897047119,18.3654077148,17.62875585
3000BP,18.0785964355,18.1683980713,18.7729958496,19.1298276978,19.2036035156,18.7041844983
2980BP,17.4980056152,17.5875539551,18.2892983398,18.7444776611,18.8291040039,18.2196532402
2960BP,17.014503418,17.109203125,17.717295166,18.1943754272,18.2554040527,17.6955144557
2940BP,17.4622023926,17.5908544312,18.2944985352,19.0164487915,19.0969018555,18.3294571468
2920BP,17.189894043,17.2805700073,17.9168496094,18.3604749756,18.4313989258,17.8697367836
2900BP,16.6436049805,16.7474782715,17.3739968262,17.9411512451,18.0128015137,17.3758626907
2880BP,16.8126052246,16.9037542114,17.5624978027,18.0003690796,18.0860925293,17.5009590448
2860BP,17.0227980957,17.1366735229,17.8530523682,18.3852370605,18.5016137695,17.8003565896
2840BP,15.7325942383,15.834921814,16.4696508789,16.8685439453,16.9531945801,16.4049424542
2820BP,17.1540969238,17.2238988647,17.8101998291,18.134083374,18.2023095703,17.7321926371
2800BP,16.0995986328,16.2046254883,16.9316536865,17.4918241577,17.5977990723,16.8868869245
2780BP,15.9765090332,16.0562322388,16.6093453369,16.9301969604,16.981697998,16.5494632812
2760BP,16.8382155762,16.9219609985,17.5259072266,18.0200758057,18.0990014648,17.5006546751
2740BP,16.0983046875,16.2194036255,16.9320534668,17.5603269653,17.6542993164,16.9245412745
2720BP,16.8904067383,17.0031774292,17.8096505127,18.4358778076,18.5337060547,17.7678129217
2700BP,16.3342971191,16.4463735352,17.1624978027,17.728022583,17.8304956055,17.1256658399
2680BP,15.8211989746,15.8581258545,16.3697462158,16.6089046021,16.6584069824,16.2825074701
2660BP,16.824104248,16.9034017334,17.3557989502,17.7441466675,17.8047937012,17.3463103724
2640BP,16.4311965332,16.5214498291,17.1943001709,17.6975492554,17.8040002441,17.1424870259
2620BP,15.8657058105,15.9218282471,16.4409490967,16.7672545776,16.8374047852,16.378889178
2600BP,17.0466994629,17.1145726929,17.8648537598,18.4229185181,18.4669946289,17.8245451688
2580BP,16.2201003418,16.3468007813,16.9895943604,17.5627668457,17.6609887695,16.9844925156
2560BP,16.278199707,16.3811986694,17.0190957031,17.515421875,17.5791955566,16.9952607933
2540BP,15.4836013184,15.5553502808,16.2396462402,16.606550415,16.681697998,16.143326478
2520BP,15.5707961426,15.639973999,16.2638466797,16.5874494629,16.6573999023,16.1728529977
2500BP,15.023701416,15.1214269409,15.7952553711,16.2842268066,16.3652001953,15.7500521745
2480BP,15.7872939453,15.9042684326,16.5922493896,17.2169996338,17.2959985352,16.5957023731
2460BP,16.3844008789,16.5015279541,17.1561531982,17.6522428589,17.7519921875,17.1175443355
2440BP,15.9420974121,16.0621709595,16.8128548584,17.4108274536,17.5000024414,16.784283495
2420BP,15.5052016602,15.5968267212,16.2777504883,16.69756604,16.7557885742,16.21311984
2400BP,16.6458937988,16.7731921997,17.6335977783,18.2921462402,18.397097168,17.582111535
2380BP,16.1509963379,16.2359761963,16.9313057861,17.3247205811,17.406496582,16.8422457118
2360BP,16.136189209,16.2201421509,16.803699585,17.2465025024,17.3111047363,16.7730753677
2340BP,15.9757033691,16.119055542,16.8253977051,17.4183242187,17.5085961914,16.8134403835
2320BP,15.0879958496,15.1812703857,15.8482460937,16.2705717163,16.343392334,15.7836562796
2300BP,16.1214980469,16.2255742798,16.8031472168,17.328451355,17.3943017578,16.8087242473
2280BP,15.8740065918,15.9658025513,16.4946022949,16.9758939819,17.0420922852,16.4959573412
2260BP,16.4434951172,16.5462713013,17.0983925781,17.6568510132,17.76,17.108285238
2240BP,15.2536940918,15.350520874,16.0542458496,16.5571516113,16.6615991211,15.9947808344
2220BP,16.7531936035,16.8258443604,17.4269539795,17.8143735962,17.8946008301,17.36241767
2200BP,16.2630080566,16.3567342529,16.9860543213,17.4666013794,17.5323022461,16.9566807162
2180BP,15.0351027832,15.1639272461,15.8796514893,16.4841018066,16.5954003906,15.8576440755
2160BP,15.6691054688,15.7777303467,16.4086981201,16.8734023437,16.9632043457,16.3675652773
2140BP,15.0917067871,15.1856282959,15.8812539062,16.3573255615,16.4365014648,15.8237762493
2120BP,15.3427993164,15.4485006104,16.2297005615,16.8187620239,16.9222131348,16.1795041585
2100BP,15.4757033691,15.5799260864,16.1672094727,16.6184050903,16.7083093262,16.1341876124
2080BP,15.144605957,15.2872045288,15.9755562744,16.5932554321,16.6939050293,15.9752675493
2060BP,14.9193007813,15.0440006104,15.6770456543,16.2794463501,16.3525964355,15.6908818801
2040BP,14.8329970703,14.9661243286,15.6850443115,16.3356292114,16.4079064941,15.6897620377
2020BP,15.4559035645,15.5569036255,16.2408944092,16.7770505981,16.8670007324,16.2062847881
2000BP,15.7899978027,15.8908986816,16.4072515869,16.9249770508,16.9925012207,16.4251196766
1980BP,15.5755996094,15.6737996826,16.4673104248,17.1367750244,17.2149987793,16.4485624533
1960BP,15.5496047363,15.65803125,16.4677987061,17.065749939,17.1451013184,16.4213803924
1940BP,16.0494033203,16.178180481,16.9080544434,17.6102567749,17.6958093262,16.9262003564
1920BP,15.7570021973,15.8802007446,16.535654541,17.1241453247,17.2070947266,16.5370004826
1900BP,16.7352004395,16.8223255005,17.3697977295,17.8244506226,17.8853967285,17.3527280688
1880BP,16.6852004395,16.8182744751,17.5632485352,18.2456708984,18.3306970215,17.5710849834
1860BP,15.777998291,15.8488012085,16.4692574463,16.8120512085,16.8888024902,16.3843340551
1840BP,16.0474990234,16.1776983032,16.8570961914,17.450729187,17.5521020508,16.8474507207
1820BP,15.9768935547,16.0939931641,16.7747445068,17.30459729,17.3869958496,16.7459315377
1800BP,16.4057998047,16.4853780518,17.0879464111,17.5181470947,17.5723962402,17.0497418261
1780BP,16.9013015137,16.9765004883,17.6579506836,18.1134046631,18.2015100098,17.5895296546
1760BP,16.4052016602,16.4907506714,17.2445015869,17.7355680542,17.7920922852,17.1803329238
1740BP,16.6004042969,16.6896520386,17.4691994629,17.9692197876,18.0492944336,17.3924032406
1720BP,17.0123977051,17.121375061,17.818894043,18.3043166504,18.3975915527,17.762278534
1700BP,16.9994033203,17.0933797607,17.7690041504,18.2675565796,18.3281091309,17.733435098
1680BP,16.0216079102,16.1060308228,16.5425512695,16.9336074219,16.9795068359,16.5453055855
1660BP,16.1561965332,16.2616460571,16.9568520508,17.4888868408,17.5614160156,16.9248292682
1640BP,16.6290969238,16.7751714478,17.5399453125,18.0837324219,18.1828088379,17.491446351
1620BP,17.2026015625,17.2918248901,17.9161934814,18.3272443848,18.4043908691,17.8585601081
1600BP,16.7883986816,16.9186498413,17.6599556885,18.3603696899,18.460592041,17.6686899847
1580BP,16.8097060547,16.8940557251,17.5608468018,18.0526990967,18.1249963379,17.518387764
1560BP,17.1316970215,17.2350484619,17.8934517822,18.4186750488,18.4896020508,17.8707890609
1540BP,17.135407959,17.2117315063,17.6879034424,18.0639281616,18.1247033691,17.665656568
1520BP,16.7845961914,16.8797719727,17.4634987793,17.8558271484,17.9318994141,17.4139413679
1500BP,17.0047927246,17.06271875,17.5948922119,17.8931959229,17.9321923828,17.5324606603
1480BP,16.157697998,16.2862981567,16.9829506836,17.5729185181,17.6559960937,16.9736171154
1460BP,15.1823928223,15.3223422852,16.0409558105,16.6781065063,16.7959069824,16.0303094668
1440BP,16.3494033203,16.495052124,17.2785042725,17.9157728271,18.034395752,17.2488872776
1420BP,15.9664016113,16.0923757324,16.7884438477,17.4542005615,17.5418969727,16.8023574661
1400BP,15.7987990723,15.9380010376,16.7004921875,17.4319562988,17.5258081055,16.7184336782
1380BP,15.9789077148,16.0725818481,16.553699707,17.0380965576,17.0742944336,16.5786704678
1360BP,15.1597976074,15.2546468506,15.8561010742,16.2903243408,16.3808984375,15.809634471
1340BP,14.8036940918,14.9122716675,15.5815041504,16.1400007324,16.2308984375,15.5608629654
1320BP,15.5950087891,15.6915075073,16.4253060303,16.9799451904,17.035994873,16.3933346131
1300BP,15.9476027832,16.0407766113,16.6717537842,17.2165968018,17.2804956055,16.6643659816
1280BP,16.1031936035,16.1673711548,16.8332497559,17.1758771973,17.2390039062,16.7368402142
1260BP,16.0891066895,16.1587819824,16.6125008545,16.9604703979,17.0053918457,16.5933718508
1240BP,16.2741958008,16.3333486328,16.9358956299,17.2598493652,17.3258996582,16.8504044237
1220BP,16.456904541,16.5665807495,17.2803475342,17.9754453735,18.0508935547,17.2995526099
1200BP,16.1518935547,16.2573949585,16.9404976807,17.58506604,17.6688867187,16.9473224579
1180BP,15.557496582,15.6337972412,16.3412972412,16.7751981812,16.8421960449,16.2651931498
1160BP,16.4099013672,16.5020009766,17.1896981201,17.7149503784,17.8003015137,17.1492344242
1140BP,15.9258010254,16.0219518433,16.6400002441,17.0490507202,17.1225976562,16.5866986907
1120BP,15.5168105469,15.6371311035,16.1965494385,16.7484710083,16.8120935059,16.2192809657
1100BP,16.0925979004,16.2028493652,16.8425606689,17.2877775269,17.3782006836,16.7926466996
1080BP,15.9356032715,16.0442998657,16.7154030762,17.2850965576,17.3703942871,16.7001188121
1060BP,15.3872023926,15.4950505981,16.1764046631,16.8071043091,16.8892053223,16.1804576325
1040BP,16.4383986816,16.5289251099,17.1462960205,17.6374265747,17.7086022949,17.1212199279
1020BP,16.28990625,16.3745809326,17.04940271,17.5082166748,17.5790917969,16.9930924699
1000BP,16.760798584,16.8579747925,17.4124975586,17.8162749634,17.8868981934,17.3779341665
980BP,16.4342055664,16.5261541138,17.1654000244,17.6163953857,17.7083947754,17.1122434878
960BP,15.0180983887,15.1161977539,15.8177010498,16.258352478,16.3341027832,15.7485712297
940BP,15.8317092285,15.9215078125,16.5553017578,17.055052002,17.1333032227,16.525387495
920BP,16.0906020508,16.1989765015,16.7052957764,17.1270339355,17.202010498,16.6944180681
900BP,16.7758010254,16.899677063,17.6327004395,18.2760526733,18.3669030762,17.6260855191
880BP,16.0498977051,16.1481237183,16.8176491699,17.3594984131,17.4217004395,16.7990552897
860BP,16.0143996582,16.1501241455,16.851255127,17.5676206665,17.6712976074,16.8788133931
840BP,16.2924086914,16.3609090576,16.9501015625,17.3390745239,17.3785974121,16.9048720947
820BP,16.0912978516,16.1697240601,16.6505501709,16.9716535645,17.0430078125,16.6059298795
800BP,15.3954055176,15.504678894,16.0834053955,16.6215040283,16.6991052246,16.0894823536
780BP,15.5879042969,15.7035024414,16.3147530518,16.8932493286,16.967800293,16.3279278208
760BP,15.3306044922,15.4143544922,16.1318551025,16.6689664917,16.7434899902,16.0882783835
740BP,16.1113051758,16.1715795288,16.7218422852,17.0602720337,17.1160974121,16.6621165154
720BP,16.5426955566,16.6369970093,17.2019476318,17.5615752563,17.6245996094,17.1507447646
700BP,15.078401123,15.1675039063,15.8500435791,16.3667432861,16.4465905762,15.8094977551
680BP,15.8739943848,15.9778692017,16.6513436279,17.1963361816,17.273684082,16.6286727107
660BP,15.7751906738,15.8446920166,16.4755043945,16.9081556396,16.9722070312,16.423000616
640BP,15.5474074707,15.6112050781,16.254404541,16.5898237305,16.6587976074,16.1603830844
620BP,15.826802002,15.9375249634,16.6449959717,17.1018995361,17.194197998,16.5775105882
600BP,16.6831069336,16.7893544922,17.5042092285,17.9897520142,18.0947045898,17.4380883349
580BP,16.560597168,16.6501500854,17.2779091797,17.7799406128,17.859987793,17.2495600714
560BP,16.1429885254,16.231291748,16.8448494873,17.2042005615,17.2714990234,16.7759013782
540BP,16.3127944336,16.4058446655,17.1170479736,17.6447462158,17.7315942383,17.0698177883
520BP,17.0925979004,17.1818746338,17.9458962402,18.4845533447,18.5549035645,17.8914009197
500BP,15.4088027344,15.5018758545,16.1902047119,16.7100690918,16.7845910645,16.1522522015
480BP,16.5552016602,16.6362767944,17.3146462402,17.7213712769,17.8006921387,17.2353855992
460BP,15.7854934082,15.8740926514,16.6104439697,17.1515272217,17.2235009766,16.5645398453
440BP,16.7689101563,16.8787832031,17.6065041504,18.0782514648,18.1803979492,17.5333469761
420BP,16.0384963379,16.1313970337,16.7693520508,17.165975769,17.2284020996,16.7087719783
400BP,15.782307373,15.8945317993,16.6146950684,17.1766859131,17.2571130371,16.5842358912
380BP,16.2634108887,16.3743062744,16.980942627,17.4471799927,17.5263085937,16.9531187462
360BP,15.3841994629,15.4620244751,15.87175354,16.2415953979,16.2841943359,15.8749618347
340BP,16.3164016113,16.4460531006,17.1844979248,17.7884779053,17.8859033203,17.161367577
320BP,15.0014052734,15.0806051025,15.6633980713,16.0781202393,16.1432946777,15.6214187779
300BP,15.7133925781,15.8056447754,16.4005532227,16.8935010986,16.9480004883,16.3900247235
280BP,15.8375991211,15.8990743408,16.401355835,16.7294706421,16.7773950195,16.356486534
260BP,15.3686965332,15.4557485352,16.1103432617,16.633100708,16.7100976562,16.0813619163
240BP,14.7508986816,14.8582021484,15.6605996094,16.2566755371,16.338302002,15.6146998083
220BP,15.3184951172,15.4672946777,16.1519482422,16.9160993652,17.0145959473,16.2062124461
200BP,14.5959914551,14.7218969116,15.3739538574,15.8814742432,15.9749963379,15.3447119325
180BP,14.9349135742,15.0356084595,15.8178994141,16.4411924438,16.5296899414,15.7832722339
160BP,14.6185927734,14.7108937988,15.2859536133,15.6411512451,15.6935021973,15.2343578128
140BP,15.2907973633,15.3625722656,15.899604126,16.2088087158,16.2675073242,15.835925113
120BP,14.8783034668,14.985602356,15.567697998,16.1468259888,16.239901123,15.5806423882
100BP,15.319392334,15.4331195679,16.0083477783,16.5018232422,16.5889001465,15.9972169344
80BP,15.4056899414,15.5034963379,16.2245430908,16.7911802368,16.8668054199,16.193568958
60BP,14.5159987793,14.6076207886,15.1991555176,15.6979169922,15.7517907715,15.1916867121
40BP,16.2346083984,16.3175313721,16.9155892334,17.5249876099,17.5855859375,16.9398254998
20BP,15.9000014648,15.9928777466,16.640354248,17.0861494141,17.1675012207,16.5867505379
0BP,15.5967055664,15.6802022705,16.3745552979,16.9023954468,16.9875939941,16.3307380268
